R2,RMSE,MAE,corr2,n,coverage_50,width_50,coverage_80,width_80,coverage_90,width_90,coverage_95,width_95,NLPD,model,test_tag,kernel
0.9783009028923356,0.0003648209866666273,0.00029616340316863563,0.9801097746256074,55,0.43636363636363634,0.00044832423127862494,0.7272727272727273,0.0008518300245477018,0.8727272727272727,0.0010933120001519637,0.9272727272727272,0.0013027616008208613,-6.426259185412278,dist_auto_full_matern32,10,"7.1**2 * Matern(length_scale=101, nu=1.5) + WhiteKernel(noise_level=1e-08)"
